keyword,published,title,link,summary
정당 지지율,2026-02-11T21:00:00,(정기여론조사)⑥민주 45.3% 대 국힘 31.9%…2030 양당 '팽팽' - 뉴스토마토,https://news.google.com/rss/articles/CBMiYEFVX3lxTE9PX2J0Q3l4aXM1NkR3OVgtMksxMmhYaWtlQ2RsYng0REw0YmdsTDFCaVVjQ0hkMWgyRXdHUU1welpDSFloYUdSX3pTM2VkMzcySklHZjJ0MU9xS0x0U1JkMA?oc=5,"<a href=""https://news.google.com/rss/articles/CBMiYEFVX3lxTE9PX2J0Q3l4aXM1NkR3OVgtMksxMmhYaWtlQ2RsYng0REw0YmdsTDFCaVVjQ0hkMWgyRXdHUU1welpDSFloYUdSX3pTM2VkMzcySklHZjJ0MU9xS0x0U1JkMA?oc=5"" target=""_blank"">(정기여론조사)⑥민주 45.3% 대 국힘 31.9%…2030 양당 '팽팽'</a>&nbsp;&nbsp;<font color=""#6f6f6f"">뉴스토마토</font>"
정당 지지율,2026-02-10T21:00:09,"[6·3 지방선거 여론조사-고양특례시] 정당지지도, 민주당 압도적 ‘우세’ - v.daum.net",https://news.google.com/rss/articles/CBMiT0FVX3lxTE5LbGlwN1RuR1NFdV9OT0xkVzNwMDRXVXRFcVlRQ2RjMHZlNFZadTNhSzJncDNUMDFxUnhlS3lXLU1WTHBYMFI1N1kzelJaS2M?oc=5,"<a href=""https://news.google.com/rss/articles/CBMiT0FVX3lxTE5LbGlwN1RuR1NFdV9OT0xkVzNwMDRXVXRFcVlRQ2RjMHZlNFZadTNhSzJncDNUMDFxUnhlS3lXLU1WTHBYMFI1N1kzelJaS2M?oc=5"" target=""_blank"">[6·3 지방선거 여론조사-고양특례시] 정당지지도, 민주당 압도적 ‘우세’</a>&nbsp;&nbsp;<font color=""#6f6f6f"">v.daum.net</font>"
정당 지지율,2026-02-13T08:02:28,경기지사 민주 후보 3명 국힘 후보에 절대우위 - 세상을 바꾸는 시민언론 민들레,https://news.google.com/rss/articles/CBMibEFVX3lxTE9GM2N1UWtDSTZPUjg0MnhVdjNrZFEybGxsSUFsV0ZfMEtEZjNEQnRJRkM1eUNsVTZqM2pySkZOVXpmRGJSekFiZTlCeUNsdVAxSnJNYmd5UjU4RDVXQ3V1ejU1MHdHQUV3NkVVSg?oc=5,"<a href=""https://news.google.com/rss/articles/CBMibEFVX3lxTE9GM2N1UWtDSTZPUjg0MnhVdjNrZFEybGxsSUFsV0ZfMEtEZjNEQnRJRkM1eUNsVTZqM2pySkZOVXpmRGJSekFiZTlCeUNsdVAxSnJNYmd5UjU4RDVXQ3V1ejU1MHdHQUV3NkVVSg?oc=5"" target=""_blank"">경기지사 민주 후보 3명 국힘 후보에 절대우위</a>&nbsp;&nbsp;<font color=""#6f6f6f"">세상을 바꾸는 시민언론 민들레</font>"
정당 지지율,2026-02-13T01:23:00,이 대통령 지지율 63%…긍정 평가 새해 최고치[한국갤럽] - 경향신문,https://news.google.com/rss/articles/CBMiWkFVX3lxTE1UZVRiR29xeUJCQWtOajdHQU8zZzYzVUVtOEtCTWhBTEpvWEJiTk5GSGtIeDJCZDh3djVHZ2NvbS01TTVnWi1nZ2dDSUM0SjJRUjFlbkpZVUhtd9IBX0FVX3lxTE5tQkJ4bm0tTE9ZWThnYi1obTBLNUVmbjhlWnhmT0JfOTRGZG9WRGNGeGEzT09maVVIdGFZR3d0YWwzUlNfZjZJcWJ4ZGFSUG9hTGdJWGwweENwejg0NHZR?oc=5,"<a href=""https://news.google.com/rss/articles/CBMiWkFVX3lxTE1UZVRiR29xeUJCQWtOajdHQU8zZzYzVUVtOEtCTWhBTEpvWEJiTk5GSGtIeDJCZDh3djVHZ2NvbS01TTVnWi1nZ2dDSUM0SjJRUjFlbkpZVUhtd9IBX0FVX3lxTE5tQkJ4bm0tTE9ZWThnYi1obTBLNUVmbjhlWnhmT0JfOTRGZG9WRGNGeGEzT09maVVIdGFZR3d0YWwzUlNfZjZJcWJ4ZGFSUG9hTGdJWGwweENwejg0NHZR?oc=5"" target=""_blank"">이 대통령 지지율 63%…긍정 평가 새해 최고치[한국갤럽]</a>&nbsp;&nbsp;<font color=""#6f6f6f"">경향신문</font>"
정당 지지율,2026-02-13T01:47:13,[정당지지율] 민주당-국민의힘 지지율 격차 ‘22%P’ - 시사위크,https://news.google.com/rss/articles/CBMia0FVX3lxTE9Rekx0c2dwRm4zWDg2VTlDSGtLTTlmMmFZWndBcHJZVnlSVkpCYjNkXzNPY2ZxbTYtOFlQWjJ1RWZFdi1BY0RCTzhXUmtJeWxlWnZXMjYzamstQmIzenU4ejU5MUVtMFFBck1F0gFvQVVfeXFMTkJMeUF0NDBfUTR2NFAzTnJuVWZJdHlNdHZiZmZlbWtQWDlEc210aGNDNUI1MVlrTVVjdXlIejRDUmlhczJ6dW9nMzBXRXJ1eWJXVmoxdk5NdGphWmNIYTM4RWRMZks1UHZvcUdJcTJV?oc=5,"<a href=""https://news.google.com/rss/articles/CBMia0FVX3lxTE9Rekx0c2dwRm4zWDg2VTlDSGtLTTlmMmFZWndBcHJZVnlSVkpCYjNkXzNPY2ZxbTYtOFlQWjJ1RWZFdi1BY0RCTzhXUmtJeWxlWnZXMjYzamstQmIzenU4ejU5MUVtMFFBck1F0gFvQVVfeXFMTkJMeUF0NDBfUTR2NFAzTnJuVWZJdHlNdHZiZmZlbWtQWDlEc210aGNDNUI1MVlrTVVjdXlIejRDUmlhczJ6dW9nMzBXRXJ1eWJXVmoxdk5NdGphWmNIYTM4RWRMZks1UHZvcUdJcTJV?oc=5"" target=""_blank"">[정당지지율] 민주당-국민의힘 지지율 격차 ‘22%P’</a>&nbsp;&nbsp;<font color=""#6f6f6f"">시사위크</font>"
정당 지지율,2026-02-13T04:22:10,"이재명 대통령 지지율, 설 명절 앞 올해 최고치 기록 - 충청뉴스",https://news.google.com/rss/articles/CBMibEFVX3lxTFBXeXI1RWx1ZFVFczk2dGVEa2F5UVVoYjB4TjhURmxaMjBYNXp0bC1hakR5VHFHR2Z1MjFtSGJpWkhxdXNYaV9fOHFJNXZScTdwOE9EM2pfYXVjbkIxdVkzZU50elBrNlRJTXVlWQ?oc=5,"<a href=""https://news.google.com/rss/articles/CBMibEFVX3lxTFBXeXI1RWx1ZFVFczk2dGVEa2F5UVVoYjB4TjhURmxaMjBYNXp0bC1hakR5VHFHR2Z1MjFtSGJpWkhxdXNYaV9fOHFJNXZScTdwOE9EM2pfYXVjbkIxdVkzZU50elBrNlRJTXVlWQ?oc=5"" target=""_blank"">이재명 대통령 지지율, 설 명절 앞 올해 최고치 기록</a>&nbsp;&nbsp;<font color=""#6f6f6f"">충청뉴스</font>"
정당 지지율,2026-02-13T05:00:00,"'장동혁 체제' 출범 후 여야 지지율 격차 최대...민주 44%, 국민의힘 22%-정치ㅣ한국일보 - 한국일보",https://news.google.com/rss/articles/CBMibkFVX3lxTE1yWUxOVkdBcEpoM3ltcHZ1c0hndS15SXRWS1Y3d0F2X29JOE8zenIzVi1tRkpBdVNCVHNwV3I4b0N1VXVnUkhvYjEtalRIeTdGRjVKMzZTeEEwRmwzQzA3XzJzS1U1aXZ6NHBOYU1n?oc=5,"<a href=""https://news.google.com/rss/articles/CBMibkFVX3lxTE1yWUxOVkdBcEpoM3ltcHZ1c0hndS15SXRWS1Y3d0F2X29JOE8zenIzVi1tRkpBdVNCVHNwV3I4b0N1VXVnUkhvYjEtalRIeTdGRjVKMzZTeEEwRmwzQzA3XzJzS1U1aXZ6NHBOYU1n?oc=5"" target=""_blank"">'장동혁 체제' 출범 후 여야 지지율 격차 최대...민주 44%, 국민의힘 22%-정치ㅣ한국일보</a>&nbsp;&nbsp;<font color=""#6f6f6f"">한국일보</font>"
정당 지지율,2026-02-13T02:21:00,양당 지지율 '더블 스코어'···민주 44%·국힘 22% - 매거진한경,https://news.google.com/rss/articles/CBMibEFVX3lxTE5NdmhTNWoyME02VGZFSUxkOVE2eVNkNWFtMUROTkFxODBpX1h4VmpYa3Z5a2w0WDRQdE1rTklwT252a3pQTzZ0U0phUl9nQ3RlN2tabW5KY1NXYnVhWUNzeWlyOXkyTWUzZi1SZw?oc=5,"<a href=""https://news.google.com/rss/articles/CBMibEFVX3lxTE5NdmhTNWoyME02VGZFSUxkOVE2eVNkNWFtMUROTkFxODBpX1h4VmpYa3Z5a2w0WDRQdE1rTklwT252a3pQTzZ0U0phUl9nQ3RlN2tabW5KY1NXYnVhWUNzeWlyOXkyTWUzZi1SZw?oc=5"" target=""_blank"">양당 지지율 '더블 스코어'···민주 44%·국힘 22%</a>&nbsp;&nbsp;<font color=""#6f6f6f"">매거진한경</font>"
정당 지지율,2026-02-10T00:30:42,"[에브리리서치 여론조사] 2월 첫째 주 정당지지도, '민주당 40.0% vs 국민의힘 28.3%' - everynews.co.kr",https://news.google.com/rss/articles/CBMibEFVX3lxTFBrM0g0eTBXMFRFOW40TVktU3FIU3plMEhKZ2VQRTVfMFVubWJpNGVUMWFPU3llbHJBM2pLYnpqSHdZNmdKMURMLXRIa2x2NzhtYmRMNEQ3b2VUV2JaUWpOYzd6cXREaFp4WHVodw?oc=5,"<a href=""https://news.google.com/rss/articles/CBMibEFVX3lxTFBrM0g0eTBXMFRFOW40TVktU3FIU3plMEhKZ2VQRTVfMFVubWJpNGVUMWFPU3llbHJBM2pLYnpqSHdZNmdKMURMLXRIa2x2NzhtYmRMNEQ3b2VUV2JaUWpOYzd6cXREaFp4WHVodw?oc=5"" target=""_blank"">[에브리리서치 여론조사] 2월 첫째 주 정당지지도, '민주당 40.0% vs 국민의힘 28.3%'</a>&nbsp;&nbsp;<font color=""#6f6f6f"">everynews.co.kr</font>"
정당 지지율,2026-02-10T13:00:00,[고양시민 여론조사] 50%가 민주당 지지…오차범위 밖 ‘우세’ - 경기신문,https://news.google.com/rss/articles/CBMiYkFVX3lxTFBWTlJYemZwcDJhMXNmWmgzM1ROTk1KbHBiMk54SXg4T3lCcUY2M3RzVXJLTmNQLW96WUlfZzk3VDVnYUZraHR5RmI1QjljS2x2TVBTYjBzaHhTV2NQc3g1ODVB?oc=5,"<a href=""https://news.google.com/rss/articles/CBMiYkFVX3lxTFBWTlJYemZwcDJhMXNmWmgzM1ROTk1KbHBiMk54SXg4T3lCcUY2M3RzVXJLTmNQLW96WUlfZzk3VDVnYUZraHR5RmI1QjljS2x2TVBTYjBzaHhTV2NQc3g1ODVB?oc=5"" target=""_blank"">[고양시민 여론조사] 50%가 민주당 지지…오차범위 밖 ‘우세’</a>&nbsp;&nbsp;<font color=""#6f6f6f"">경기신문</font>"
정당 지지율,2026-02-13T01:26:53,"[6·3 지방선거 D-120] ‘설 민심’ 영향력 줄었나… 수도권·충청권 표심, 당 지지율이 흐름 만든다! - 일요서울",https://news.google.com/rss/articles/CBMib0FVX3lxTE9tY0lLUGFydnpwYVAxWmdDQW5CWVc1YndVTmd3LXZBeS1YY3Q1V3NrVTR2S0VrS0ROTFAtUTFDU3QwZEtsakxuTEZkWWM2c250eGpwaTI1MXRaTmpESU9fdVNGYkpXOGRDWmVVLVNLUQ?oc=5,"<a href=""https://news.google.com/rss/articles/CBMib0FVX3lxTE9tY0lLUGFydnpwYVAxWmdDQW5CWVc1YndVTmd3LXZBeS1YY3Q1V3NrVTR2S0VrS0ROTFAtUTFDU3QwZEtsakxuTEZkWWM2c250eGpwaTI1MXRaTmpESU9fdVNGYkpXOGRDWmVVLVNLUQ?oc=5"" target=""_blank"">[6·3 지방선거 D-120] ‘설 민심’ 영향력 줄었나… 수도권·충청권 표심, 당 지지율이 흐름 만든다!</a>&nbsp;&nbsp;<font color=""#6f6f6f"">일요서울</font>"
정당 지지율,2026-02-11T04:23:37,"日 다카이치 내각 지지율 67%…자민당 지지율 40%로 상승, 총선 후 ‘다카이치 효과’ 두드러져 - 재팬코리아데일리",https://news.google.com/rss/articles/CBMibEFVX3lxTE1sOGZQdzVWSVA1aVREdkFrNnBJRWoxaDFNNnYxb0tTZFBBOEVBcVR5Q2V1elE2bUFNZ3lfaU82Mnd3Q1o1SWdDVVFuUS01MnFOZmxyZndWejdGdE8tRDVEZkstVlp1UTlxdkJ6Mw?oc=5,"<a href=""https://news.google.com/rss/articles/CBMibEFVX3lxTE1sOGZQdzVWSVA1aVREdkFrNnBJRWoxaDFNNnYxb0tTZFBBOEVBcVR5Q2V1elE2bUFNZ3lfaU82Mnd3Q1o1SWdDVVFuUS01MnFOZmxyZndWejdGdE8tRDVEZkstVlp1UTlxdkJ6Mw?oc=5"" target=""_blank"">日 다카이치 내각 지지율 67%…자민당 지지율 40%로 상승, 총선 후 ‘다카이치 효과’ 두드러져</a>&nbsp;&nbsp;<font color=""#6f6f6f"">재팬코리아데일리</font>"
정당 지지율,2026-02-13T05:40:02,[정당 지지율] 경기 민주 54.3%·국힘 25.2% 격차 29.1%p (여론조사꽃) - 톱스타뉴스,https://news.google.com/rss/articles/CBMickFVX3lxTE1qZmtQZDdOWURSWFplMUhURWtXaWk2YjVEeEg0Q2J4TmM3NjNJZzl6bEFYcEFDV21EQnJ2WTU5NnJsc2VQLVZpSTBLRmNEdHlIbHJGZktMVmtuc01zVGUzTTN3T1h5UjBaM0ZkSmwxX2o5Zw?oc=5,"<a href=""https://news.google.com/rss/articles/CBMickFVX3lxTE1qZmtQZDdOWURSWFplMUhURWtXaWk2YjVEeEg0Q2J4TmM3NjNJZzl6bEFYcEFDV21EQnJ2WTU5NnJsc2VQLVZpSTBLRmNEdHlIbHJGZktMVmtuc01zVGUzTTN3T1h5UjBaM0ZkSmwxX2o5Zw?oc=5"" target=""_blank"">[정당 지지율] 경기 민주 54.3%·국힘 25.2% 격차 29.1%p (여론조사꽃)</a>&nbsp;&nbsp;<font color=""#6f6f6f"">톱스타뉴스</font>"
정당 지지율,2026-02-14T03:53:06,"유정복 인천시장의 ‘천원 행정’과 밀착 복지…""시민의 지갑과 마음을 열다"" - 매일일보",https://news.google.com/rss/articles/CBMiZEFVX3lxTE9JZUxMX0Fzd1BwcVpxOTFwQnNFYmZidlJQNHZVSG5oei1FMTlsTVFIQ29jaGI3YklieFM5ZEhuN2ozSFJnTFJ1X05jM3A2alQwZWl5VUZPMVhyUVotdlVQLVJ4WDY?oc=5,"<a href=""https://news.google.com/rss/articles/CBMiZEFVX3lxTE9JZUxMX0Fzd1BwcVpxOTFwQnNFYmZidlJQNHZVSG5oei1FMTlsTVFIQ29jaGI3YklieFM5ZEhuN2ozSFJnTFJ1X05jM3A2alQwZWl5VUZPMVhyUVotdlVQLVJ4WDY?oc=5"" target=""_blank"">유정복 인천시장의 ‘천원 행정’과 밀착 복지…""시민의 지갑과 마음을 열다""</a>&nbsp;&nbsp;<font color=""#6f6f6f"">매일일보</font>"
정당 지지율,2026-02-13T01:23:31,민주당 44%·국민의힘 22%…민주 3%p↑·국힘 3%p↓ [한국갤럽] - fnnews.com,https://news.google.com/rss/articles/CBMiWkFVX3lxTE16VGsxaFdLQl9ncnhja29abjE1czdVSUhYRzN3ZndIR19zaTdhMmN0UGpnX1NOdHU3RXlFRDlzX0NmN2poaVlyNWFtODlzaU5rVUg2eXpvVTdmd9IBXkFVX3lxTE5zcFZzQW54TTFjREswYlU1ZUZHQlJ1cXBXNEh4TUZ2UmxIcVI2TUNmMURSS1FVX0Y3VjBCR0h5b0ltZEU3MjZUbElGWTJpQjVEWlhOV3g3NFN2aG9aN3c?oc=5,"<a href=""https://news.google.com/rss/articles/CBMiWkFVX3lxTE16VGsxaFdLQl9ncnhja29abjE1czdVSUhYRzN3ZndIR19zaTdhMmN0UGpnX1NOdHU3RXlFRDlzX0NmN2poaVlyNWFtODlzaU5rVUg2eXpvVTdmd9IBXkFVX3lxTE5zcFZzQW54TTFjREswYlU1ZUZHQlJ1cXBXNEh4TUZ2UmxIcVI2TUNmMURSS1FVX0Y3VjBCR0h5b0ltZEU3MjZUbElGWTJpQjVEWlhOV3g3NFN2aG9aN3c?oc=5"" target=""_blank"">민주당 44%·국민의힘 22%…민주 3%p↑·국힘 3%p↓ [한국갤럽]</a>&nbsp;&nbsp;<font color=""#6f6f6f"">fnnews.com</font>"
여론조사,2026-02-15T07:00:04,[MBC여론조사] 이재명 대통령 국정 지지율 64%‥지방선거 여당 후보 지지도 54% - MBC 뉴스,https://news.google.com/rss/articles/CBMieEFVX3lxTE9GZDZmbVZqRFNOZjdSTEJQT1VXa1A5U0lwSDExRy1tSXlRSlg4RUZ6ckVFSVBjM2J3dFNHOE5JMGRhYTV5UzBBdnVkcjEtcHlsV1hTOXV2RHlTa2piQjB5NTZPUFBJaWVUQXB0OFFXU2ZJaWlqUWVpNtIBeEFVX3lxTE8yYzlBSXhLMjhob3ZodktncFQ1TnpYWE05dmMwYXJsR1ozM0RsR3Z1MjA4LWxLOUNjcGlLT3BBTmRBMTJrTXB0WGlzYW9HNHdzeXZUd0UzQjdBeGhGLU8tRXNXeHI5OUdXV29Mamd1czF5S09XSWVrTw?oc=5,"<a href=""https://news.google.com/rss/articles/CBMieEFVX3lxTE9GZDZmbVZqRFNOZjdSTEJQT1VXa1A5U0lwSDExRy1tSXlRSlg4RUZ6ckVFSVBjM2J3dFNHOE5JMGRhYTV5UzBBdnVkcjEtcHlsV1hTOXV2RHlTa2piQjB5NTZPUFBJaWVUQXB0OFFXU2ZJaWlqUWVpNtIBeEFVX3lxTE8yYzlBSXhLMjhob3ZodktncFQ1TnpYWE05dmMwYXJsR1ozM0RsR3Z1MjA4LWxLOUNjcGlLT3BBTmRBMTJrTXB0WGlzYW9HNHdzeXZUd0UzQjdBeGhGLU8tRXNXeHI5OUdXV29Mamd1czF5S09XSWVrTw?oc=5"" target=""_blank"">[MBC여론조사] 이재명 대통령 국정 지지율 64%‥지방선거 여당 후보 지지도 54%</a>&nbsp;&nbsp;<font color=""#6f6f6f"">MBC 뉴스</font>"
여론조사,2026-02-11T21:00:00,"(정기여론조사)④민주 차기 당대표, 정청래 30.5% 대 김민석 29.0% '혈전 예고' - 뉴스토마토",https://news.google.com/rss/articles/CBMiYEFVX3lxTE1YTk1STGdPZEZ0YTk4djVleDRBb2phaVJCaHlsT2Y3TDVKUnQwSVFLRXVWVU03WUdlTmhZSUhfR204WXcweGU4NFlrelZ5bVh2cXdvUkhxMWlBd2gwRldqQQ?oc=5,"<a href=""https://news.google.com/rss/articles/CBMiYEFVX3lxTE1YTk1STGdPZEZ0YTk4djVleDRBb2phaVJCaHlsT2Y3TDVKUnQwSVFLRXVWVU03WUdlTmhZSUhfR204WXcweGU4NFlrelZ5bVh2cXdvUkhxMWlBd2gwRldqQQ?oc=5"" target=""_blank"">(정기여론조사)④민주 차기 당대표, 정청래 30.5% 대 김민석 29.0% '혈전 예고'</a>&nbsp;&nbsp;<font color=""#6f6f6f"">뉴스토마토</font>"
여론조사,2026-02-13T08:00:00,"[대구일보 6·3지방선거 여론조사] 김부겸, 차기 대구시장 적합도 1위… 국민의힘은 추경호·주호영 양강…민심은 ‘경제’ - 대구일보",https://news.google.com/rss/articles/CBMiaEFVX3lxTE9MOTgwbThkWnlZRnRIN0MtYm51WDU5UHh3d1FfNnhOek9WTEhabUZsRThFX3Fmd3N4dVl0MG82V0xVNWJPdVRJYW14M0dDbVJkN280WjhQWlhrakhVNk9oOVRhNVl0Smgz?oc=5,"<a href=""https://news.google.com/rss/articles/CBMiaEFVX3lxTE9MOTgwbThkWnlZRnRIN0MtYm51WDU5UHh3d1FfNnhOek9WTEhabUZsRThFX3Fmd3N4dVl0MG82V0xVNWJPdVRJYW14M0dDbVJkN280WjhQWlhrakhVNk9oOVRhNVl0Smgz?oc=5"" target=""_blank"">[대구일보 6·3지방선거 여론조사] 김부겸, 차기 대구시장 적합도 1위… 국민의힘은 추경호·주호영 양강…민심은 ‘경제’</a>&nbsp;&nbsp;<font color=""#6f6f6f"">대구일보</font>"
여론조사,2026-02-13T12:03:00,국정 운영 “잘한다” 65%…부동산 정책 평가는? [여론조사]① - KBS 뉴스,https://news.google.com/rss/articles/CBMiW0FVX3lxTE56dENMWFRjZHVWeEpCZ2l1dFB3b3Fxa0Z0TVg5SG9ublViVTRVOUtYZDQxcjdDS19mWTVBYkJvNW1uMDE1S0tlLXNFN2tSTjF5YnVTV25wQktNM0E?oc=5,"<a href=""https://news.google.com/rss/articles/CBMiW0FVX3lxTE56dENMWFRjZHVWeEpCZ2l1dFB3b3Fxa0Z0TVg5SG9ublViVTRVOUtYZDQxcjdDS19mWTVBYkJvNW1uMDE1S0tlLXNFN2tSTjF5YnVTV25wQktNM0E?oc=5"" target=""_blank"">국정 운영 “잘한다” 65%…부동산 정책 평가는? [여론조사]①</a>&nbsp;&nbsp;<font color=""#6f6f6f"">KBS 뉴스</font>"
여론조사,2026-02-15T06:00:01,"김건희, 공짜 여론조사 무죄…명태균 '뿌리기 영업' 덕이었다 - 중앙일보",https://news.google.com/rss/articles/CBMiVkFVX3lxTE0ta2UzeGpQeG9DWWtRejAxLW9oSVM0YmxfMHJPb1JIRWdqT2hpakJuanNJYl9hRU1EbGF3WEZ0SXkzLXNyc1RHWF92OHFwbktnRjFEcXZ3?oc=5,"<a href=""https://news.google.com/rss/articles/CBMiVkFVX3lxTE0ta2UzeGpQeG9DWWtRejAxLW9oSVM0YmxfMHJPb1JIRWdqT2hpakJuanNJYl9hRU1EbGF3WEZ0SXkzLXNyc1RHWF92OHFwbktnRjFEcXZ3?oc=5"" target=""_blank"">김건희, 공짜 여론조사 무죄…명태균 '뿌리기 영업' 덕이었다</a>&nbsp;&nbsp;<font color=""#6f6f6f"">중앙일보</font>"
여론조사,2026-02-10T06:57:12,영덕 원전 여론조사 속 유치 반대도 본격화 - tbc.co.kr,https://news.google.com/rss/articles/CBMihgFBVV95cUxNVUU5Z1RLdVNsQ1RlQ3YtRVh4a0pjd1BHdm1rQlJPUXpEN0tzcXJTRkFuYXZKR1pScGlQTmptYUs2ZkJSdWU1bS1WM3FsZDJZaDZBX2daYlZ2dU1NczJBeGNKMHIzQVl3M3NIcmJ4dmc3VFNzWXZkc0dTMkhKMnpMNGlDLTJCUQ?oc=5,"<a href=""https://news.google.com/rss/articles/CBMihgFBVV95cUxNVUU5Z1RLdVNsQ1RlQ3YtRVh4a0pjd1BHdm1rQlJPUXpEN0tzcXJTRkFuYXZKR1pScGlQTmptYUs2ZkJSdWU1bS1WM3FsZDJZaDZBX2daYlZ2dU1NczJBeGNKMHIzQVl3M3NIcmJ4dmc3VFNzWXZkc0dTMkhKMnpMNGlDLTJCUQ?oc=5"" target=""_blank"">영덕 원전 여론조사 속 유치 반대도 본격화</a>&nbsp;&nbsp;<font color=""#6f6f6f"">tbc.co.kr</font>"
여론조사,2026-02-12T07:29:21,"서해구 명칭 변경, 여론조사에만 ‘1억’ …예산 낭비 논란 - v.daum.net",https://news.google.com/rss/articles/CBMiT0FVX3lxTE1HMlhyX3VWSElrMmFrUkZrdGRpV2xSMG9fZ0hDeDJjYXRta3RndnFFNXRLM3ExeHA4c01mVllEVVV3S3BKWDJjNWVKTEJpZU0?oc=5,"<a href=""https://news.google.com/rss/articles/CBMiT0FVX3lxTE1HMlhyX3VWSElrMmFrUkZrdGRpV2xSMG9fZ0hDeDJjYXRta3RndnFFNXRLM3ExeHA4c01mVllEVVV3S3BKWDJjNWVKTEJpZU0?oc=5"" target=""_blank"">서해구 명칭 변경, 여론조사에만 ‘1억’ …예산 낭비 논란</a>&nbsp;&nbsp;<font color=""#6f6f6f"">v.daum.net</font>"
여론조사,2026-02-14T01:00:00,사라진 ‘유보층’ 굳어진 ‘찬반’...여론조사로 본 제2공항 10년의 딜레마 - 제주의소리,https://news.google.com/rss/articles/CBMia0FVX3lxTE1PYnFsM05QYnNRZzFLVFBMbHhhcWpCV2hfaTFzT3RqT2loN25LbHNLVC1WNnNzczBfWGVBaldnd053X0VkYmtCa3ZkRTJ4VktWWXpldmVuSDM4akpmMjJqT3ZUUkViRFNGYm84?oc=5,"<a href=""https://news.google.com/rss/articles/CBMia0FVX3lxTE1PYnFsM05QYnNRZzFLVFBMbHhhcWpCV2hfaTFzT3RqT2loN25LbHNLVC1WNnNzczBfWGVBaldnd053X0VkYmtCa3ZkRTJ4VktWWXpldmVuSDM4akpmMjJqT3ZUUkViRFNGYm84?oc=5"" target=""_blank"">사라진 ‘유보층’ 굳어진 ‘찬반’...여론조사로 본 제2공항 10년의 딜레마</a>&nbsp;&nbsp;<font color=""#6f6f6f"">제주의소리</font>"
여론조사,2026-02-10T10:18:00,"행정통합으로 커진 단체장 선거…여론조사 결과, 의미는? - KBS 뉴스",https://news.google.com/rss/articles/CBMiW0FVX3lxTE1FU3R1dkVRZmxvbE8yY3hBbHc3eEVKZk4xcVdwa05MUllWYS1Bc0p5UUVLWFpGYXFENmZjNzlfMEtIRFp0YkkxdHdGNHJ3LXhVOVd6ZnU3NzI3UE0?oc=5,"<a href=""https://news.google.com/rss/articles/CBMiW0FVX3lxTE1FU3R1dkVRZmxvbE8yY3hBbHc3eEVKZk4xcVdwa05MUllWYS1Bc0p5UUVLWFpGYXFENmZjNzlfMEtIRFp0YkkxdHdGNHJ3LXhVOVd6ZnU3NzI3UE0?oc=5"" target=""_blank"">행정통합으로 커진 단체장 선거…여론조사 결과, 의미는?</a>&nbsp;&nbsp;<font color=""#6f6f6f"">KBS 뉴스</font>"
여론조사,2026-02-11T21:00:00,(정기여론조사)⑥민주 45.3% 대 국힘 31.9%…2030 양당 '팽팽' - 뉴스토마토,https://news.google.com/rss/articles/CBMiYEFVX3lxTE9PX2J0Q3l4aXM1NkR3OVgtMksxMmhYaWtlQ2RsYng0REw0YmdsTDFCaVVjQ0hkMWgyRXdHUU1welpDSFloYUdSX3pTM2VkMzcySklHZjJ0MU9xS0x0U1JkMA?oc=5,"<a href=""https://news.google.com/rss/articles/CBMiYEFVX3lxTE9PX2J0Q3l4aXM1NkR3OVgtMksxMmhYaWtlQ2RsYng0REw0YmdsTDFCaVVjQ0hkMWgyRXdHUU1welpDSFloYUdSX3pTM2VkMzcySklHZjJ0MU9xS0x0U1JkMA?oc=5"" target=""_blank"">(정기여론조사)⑥민주 45.3% 대 국힘 31.9%…2030 양당 '팽팽'</a>&nbsp;&nbsp;<font color=""#6f6f6f"">뉴스토마토</font>"
여론조사,2026-02-11T10:35:04,[대구일보 6.3지방선거 여론조사] 더불어민주당 지지층의 선택은 ‘김부겸’…70% 지지 - v.daum.net,https://news.google.com/rss/articles/CBMiT0FVX3lxTFA4MmlfRTYzWm1COGlTLXp5cWRQT2pEY1VpZFFQQVczXzE3WV9lbXZrZTkzM29xdmlMcU5mOVFsRzd4U2dwbGxHN2pJSm5SMzA?oc=5,"<a href=""https://news.google.com/rss/articles/CBMiT0FVX3lxTFA4MmlfRTYzWm1COGlTLXp5cWRQT2pEY1VpZFFQQVczXzE3WV9lbXZrZTkzM29xdmlMcU5mOVFsRzd4U2dwbGxHN2pJSm5SMzA?oc=5"" target=""_blank"">[대구일보 6.3지방선거 여론조사] 더불어민주당 지지층의 선택은 ‘김부겸’…70% 지지</a>&nbsp;&nbsp;<font color=""#6f6f6f"">v.daum.net</font>"
여론조사,2026-02-10T10:05:00,원전 유치?…영덕 주민 여론조사 - KBS 뉴스,https://news.google.com/rss/articles/CBMiZkFVX3lxTFBlYXJmdHEwaURQVERxM3pabFpGV2NxMlNHZlB0TDA3X3pHZklBMGlLeG9DcVMzVm1aU0FvY0lBUWlEZ3NmdnJlakFnSFJoclljdUZ5YWJLejBIZnhpLW9kNXFnTU1UQQ?oc=5,"<a href=""https://news.google.com/rss/articles/CBMiZkFVX3lxTFBlYXJmdHEwaURQVERxM3pabFpGV2NxMlNHZlB0TDA3X3pHZklBMGlLeG9DcVMzVm1aU0FvY0lBUWlEZ3NmdnJlakFnSFJoclljdUZ5YWJLejBIZnhpLW9kNXFnTU1UQQ?oc=5"" target=""_blank"">원전 유치?…영덕 주민 여론조사</a>&nbsp;&nbsp;<font color=""#6f6f6f"">KBS 뉴스</font>"
여론조사,2026-02-12T21:00:02,[6·3 지방선거 여론조사-시흥시] 시흥시장의 중요한 요소는?⋯‘행정 경험’ 1위 꼽아 - v.daum.net,https://news.google.com/rss/articles/CBMiT0FVX3lxTE4wVV9SUHhZbFVNLVZ1dFQ0VC03d3ltMzU3eEFkVjhqWnA1Y2pILUdWbXphMl9rM3RTRzRGN1k4NjJRdk5hWTkyUS1YVDNoSEk?oc=5,"<a href=""https://news.google.com/rss/articles/CBMiT0FVX3lxTE4wVV9SUHhZbFVNLVZ1dFQ0VC03d3ltMzU3eEFkVjhqWnA1Y2pILUdWbXphMl9rM3RTRzRGN1k4NjJRdk5hWTkyUS1YVDNoSEk?oc=5"" target=""_blank"">[6·3 지방선거 여론조사-시흥시] 시흥시장의 중요한 요소는?⋯‘행정 경험’ 1위 꼽아</a>&nbsp;&nbsp;<font color=""#6f6f6f"">v.daum.net</font>"
여론조사,2026-02-13T10:01:00,국정 지지율 65%·부동산 정책은?…KBS 여론조사로 본 설 연휴 민심 - KBS 뉴스,https://news.google.com/rss/articles/CBMiW0FVX3lxTE9maUt2ZHYzMjViUjRRSGtkaTRTczVfRG5BclZCaW5TSDNxU3J1eWExY2M3UXBpSTdYUlZTbU5yYWNka08xU293YWJQeUluMDJoQWdqSHI5c2VuX2c?oc=5,"<a href=""https://news.google.com/rss/articles/CBMiW0FVX3lxTE9maUt2ZHYzMjViUjRRSGtkaTRTczVfRG5BclZCaW5TSDNxU3J1eWExY2M3UXBpSTdYUlZTbU5yYWNka08xU293YWJQeUluMDJoQWdqSHI5c2VuX2c?oc=5"" target=""_blank"">국정 지지율 65%·부동산 정책은?…KBS 여론조사로 본 설 연휴 민심</a>&nbsp;&nbsp;<font color=""#6f6f6f"">KBS 뉴스</font>"
여론조사,2026-02-13T21:05:00,[여론조사]① 국정 운영 “잘한다” 65%…부동산 정책 평가는? - KBS 뉴스,https://news.google.com/rss/articles/CBMiW0FVX3lxTFB4QlIwazVsX2xHb1FLR2ZmLTdGOVdrbWdLNkNlSktKSjEwRzQzNVp6NUo0OWpaRDJtMnZ2cDhoQmItSVdNVGZ2UFJqWkFtdUllVVY0dUFZQmY3cXc?oc=5,"<a href=""https://news.google.com/rss/articles/CBMiW0FVX3lxTFB4QlIwazVsX2xHb1FLR2ZmLTdGOVdrbWdLNkNlSktKSjEwRzQzNVp6NUo0OWpaRDJtMnZ2cDhoQmItSVdNVGZ2UFJqWkFtdUllVVY0dUFZQmY3cXc?oc=5"" target=""_blank"">[여론조사]① 국정 운영 “잘한다” 65%…부동산 정책 평가는?</a>&nbsp;&nbsp;<font color=""#6f6f6f"">KBS 뉴스</font>"
민주당,2026-02-10T03:19:43,"민주당 의총 ""혁신당과 합당, 명분 있으나 추진 어렵다"" - 중앙일보",https://news.google.com/rss/articles/CBMiVkFVX3lxTE44a2xURnczQlRVMlRGakVkNUtmUVZBU1hzRHJVVU9NLUhSaU0yY2ptZlBlQzk1RGdsclFlZTcwdUJ3bzhPS0dPWGtTV3pSMW9vdzJINjNn?oc=5,"<a href=""https://news.google.com/rss/articles/CBMiVkFVX3lxTE44a2xURnczQlRVMlRGakVkNUtmUVZBU1hzRHJVVU9NLUhSaU0yY2ptZlBlQzk1RGdsclFlZTcwdUJ3bzhPS0dPWGtTV3pSMW9vdzJINjNn?oc=5"" target=""_blank"">민주당 의총 ""혁신당과 합당, 명분 있으나 추진 어렵다""</a>&nbsp;&nbsp;<font color=""#6f6f6f"">중앙일보</font>"
민주당,2026-02-10T06:15:00,"민주당 의총 “합당, 지금은 어렵다” 공감대…최고위서 결론 - 한겨레",https://news.google.com/rss/articles/CBMidEFVX3lxTE1JWnJtMzZCV0cyWnc5c0g3Ykt2M3d0aVZfNzhZUm1DbGNEdHdUQXlOeUxDVTJicGVYMDFKMEZGcjc2REthbXh2YWN5MF9lVGVMeW53SlpiZFhpWm45NEpnMjh4NU5Fd19YckR5UFN1X2JrUFQ0?oc=5,"<a href=""https://news.google.com/rss/articles/CBMidEFVX3lxTE1JWnJtMzZCV0cyWnc5c0g3Ykt2M3d0aVZfNzhZUm1DbGNEdHdUQXlOeUxDVTJicGVYMDFKMEZGcjc2REthbXh2YWN5MF9lVGVMeW53SlpiZFhpWm45NEpnMjh4NU5Fd19YckR5UFN1X2JrUFQ0?oc=5"" target=""_blank"">민주당 의총 “합당, 지금은 어렵다” 공감대…최고위서 결론</a>&nbsp;&nbsp;<font color=""#6f6f6f"">한겨레</font>"
민주당,2026-02-10T00:58:20,[단독] ‘민주당 탈당’ 부평구 시·구의원 5명 조국혁신당 입당 신청 - 인천투데이,https://news.google.com/rss/articles/CBMicEFVX3lxTE9WQmk3RjZUVGJLV2U2MGNDS1ZaWUQxWVRPSk55NndzS2lvUTNMYUJva1Badkl1UmVNei10R3l3SGlTTkdCT0diSGpMZTRKaDFOWUtVd2wwVkNPUEdlcXFCYjFKZHVFcmJoaVkxRU5iMUw?oc=5,"<a href=""https://news.google.com/rss/articles/CBMicEFVX3lxTE9WQmk3RjZUVGJLV2U2MGNDS1ZaWUQxWVRPSk55NndzS2lvUTNMYUJva1Badkl1UmVNei10R3l3SGlTTkdCT0diSGpMZTRKaDFOWUtVd2wwVkNPUEdlcXFCYjFKZHVFcmJoaVkxRU5iMUw?oc=5"" target=""_blank"">[단독] ‘민주당 탈당’ 부평구 시·구의원 5명 조국혁신당 입당 신청</a>&nbsp;&nbsp;<font color=""#6f6f6f"">인천투데이</font>"
민주당,2026-02-12T01:49:00,"조국 ""합당 논란은 민주당 권력투쟁... '손가혁' 부활 느꼈다"" - 오마이뉴스",https://news.google.com/rss/articles/CBMid0FVX3lxTE9TNGtURlpISnFSTUtJYTBCT1RBSExGMFZ5bm04UndzQ3RDR2MycUw0TnBlbmVIZHlaWm1uaGMtX1NPWEwyMkRtcG1ldDY2Zkd1TnhIMzZoN3ZTblRZeU9ZaUVWaVhHY2JUM29IN1VKaDFzTDV1aUI0?oc=5,"<a href=""https://news.google.com/rss/articles/CBMid0FVX3lxTE9TNGtURlpISnFSTUtJYTBCT1RBSExGMFZ5bm04UndzQ3RDR2MycUw0TnBlbmVIZHlaWm1uaGMtX1NPWEwyMkRtcG1ldDY2Zkd1TnhIMzZoN3ZTblRZeU9ZaUVWaVhHY2JUM29IN1VKaDFzTDV1aUI0?oc=5"" target=""_blank"">조국 ""합당 논란은 민주당 권력투쟁... '손가혁' 부활 느꼈다""</a>&nbsp;&nbsp;<font color=""#6f6f6f"">오마이뉴스</font>"
민주당,2026-02-14T11:03:00,"이언주 ""조국당 '왼쪽 포지셔닝', 오히려 민주당 도와주는 듯"" - 경기일보",https://news.google.com/rss/articles/CBMiW0FVX3lxTE9EUWlCbF9tamRpQ1dsM3BLTHRJeDNjb1IycE9hSVlzYzBtYjZOdlNpb3BwNjZaVmFFczd5aXFzSHZXSmhXd2FYNFpaODlyY2Nkak9wcW5VdkxDYlk?oc=5,"<a href=""https://news.google.com/rss/articles/CBMiW0FVX3lxTE9EUWlCbF9tamRpQ1dsM3BLTHRJeDNjb1IycE9hSVlzYzBtYjZOdlNpb3BwNjZaVmFFczd5aXFzSHZXSmhXd2FYNFpaODlyY2Nkak9wcW5VdkxDYlk?oc=5"" target=""_blank"">이언주 ""조국당 '왼쪽 포지셔닝', 오히려 민주당 도와주는 듯""</a>&nbsp;&nbsp;<font color=""#6f6f6f"">경기일보</font>"
민주당,2026-02-10T21:00:09,"[6·3 지방선거 여론조사-고양특례시] 정당지지도, 민주당 압도적 ‘우세’ - v.daum.net",https://news.google.com/rss/articles/CBMiT0FVX3lxTE5LbGlwN1RuR1NFdV9OT0xkVzNwMDRXVXRFcVlRQ2RjMHZlNFZadTNhSzJncDNUMDFxUnhlS3lXLU1WTHBYMFI1N1kzelJaS2M?oc=5,"<a href=""https://news.google.com/rss/articles/CBMiT0FVX3lxTE5LbGlwN1RuR1NFdV9OT0xkVzNwMDRXVXRFcVlRQ2RjMHZlNFZadTNhSzJncDNUMDFxUnhlS3lXLU1WTHBYMFI1N1kzelJaS2M?oc=5"" target=""_blank"">[6·3 지방선거 여론조사-고양특례시] 정당지지도, 민주당 압도적 ‘우세’</a>&nbsp;&nbsp;<font color=""#6f6f6f"">v.daum.net</font>"
민주당,2026-02-13T05:59:00,"송영길, 2심 무죄 받자 “민주당 돌아가겠다” - 조선일보",https://news.google.com/rss/articles/CBMihwFBVV95cUxOMHZTSTV3aUlEOUR3RjdjV01aOXlJM3RlZzQ3dDdEZmh2ZmNMR0Z4LWFqaUx3S1lHdk9seTBiRUt1TUJXYkY2SHFuRzNZOERXbm5hMkZJd3JTaTdRUUQxSWtQWWRBN19QbTZxX09YZWhJZVByMzM1X1IxNXE4UXVaNTJ1UzRDakXSAZsBQVVfeXFMUE0yS3JJWXNVTHdQQXlRTjZpb3A1bTVMS1pDQUdBNTJ5U2h4VU9pdHU0V2c2SHdGVjQ3TFRxRjVvVVJ1aGpMVExLZUJldXI4TVBWUlBiOW5zd1YzcE8zZ09uMS1vTGtfOVZJOUJKMTlEY3RBSjd4TUl5NWJSMWM4ZHdiVUgzY21vODNkN090emIzQm5NV2JpUlJKMFU?oc=5,"<a href=""https://news.google.com/rss/articles/CBMihwFBVV95cUxOMHZTSTV3aUlEOUR3RjdjV01aOXlJM3RlZzQ3dDdEZmh2ZmNMR0Z4LWFqaUx3S1lHdk9seTBiRUt1TUJXYkY2SHFuRzNZOERXbm5hMkZJd3JTaTdRUUQxSWtQWWRBN19QbTZxX09YZWhJZVByMzM1X1IxNXE4UXVaNTJ1UzRDakXSAZsBQVVfeXFMUE0yS3JJWXNVTHdQQXlRTjZpb3A1bTVMS1pDQUdBNTJ5U2h4VU9pdHU0V2c2SHdGVjQ3TFRxRjVvVVJ1aGpMVExLZUJldXI4TVBWUlBiOW5zd1YzcE8zZ09uMS1vTGtfOVZJOUJKMTlEY3RBSjd4TUl5NWJSMWM4ZHdiVUgzY21vODNkN090emIzQm5NV2JpUlJKMFU?oc=5"" target=""_blank"">송영길, 2심 무죄 받자 “민주당 돌아가겠다”</a>&nbsp;&nbsp;<font color=""#6f6f6f"">조선일보</font>"
민주당,2026-02-15T01:00:00,"민주당 싹쓸이 도전 제주시 동부, 현역 불출마 ‘무주공산’ 3곳 새 맹주는? - 제주의소리",https://news.google.com/rss/articles/CBMia0FVX3lxTE5KZGRPb2RBbk1YMHQ5US13N3E2TnFheG96a2hzVkhac1lwV0swVmRpTlFnM3hIVHBSS2Q0VEJYYXNTTTc1cFBkN3c5SHZ3YWpIYm1Ea1RGUVR6QjRFSy0zMEZaZTBlUGZVS3dJ?oc=5,"<a href=""https://news.google.com/rss/articles/CBMia0FVX3lxTE5KZGRPb2RBbk1YMHQ5US13N3E2TnFheG96a2hzVkhac1lwV0swVmRpTlFnM3hIVHBSS2Q0VEJYYXNTTTc1cFBkN3c5SHZ3YWpIYm1Ea1RGUVR6QjRFSy0zMEZaZTBlUGZVS3dJ?oc=5"" target=""_blank"">민주당 싹쓸이 도전 제주시 동부, 현역 불출마 ‘무주공산’ 3곳 새 맹주는?</a>&nbsp;&nbsp;<font color=""#6f6f6f"">제주의소리</font>"
민주당,2026-02-12T15:20:00,[사설] 이 대통령 공소취소 운동 나선 민주당 의원이 무려 87명 - 중앙일보,https://news.google.com/rss/articles/CBMiVkFVX3lxTE85S0NCRndfMXhvSmIyalFFYTIwSldpVktMMDl6WmJJVFBOTXU3TG5XUDNmNlZRQjB6MUpQYXE0STdCUjVUUTg4RmQ3RGtMREhSS3Y4b3hn?oc=5,"<a href=""https://news.google.com/rss/articles/CBMiVkFVX3lxTE85S0NCRndfMXhvSmIyalFFYTIwSldpVktMMDl6WmJJVFBOTXU3TG5XUDNmNlZRQjB6MUpQYXE0STdCUjVUUTg4RmQ3RGtMREhSS3Y4b3hn?oc=5"" target=""_blank"">[사설] 이 대통령 공소취소 운동 나선 민주당 의원이 무려 87명</a>&nbsp;&nbsp;<font color=""#6f6f6f"">중앙일보</font>"
민주당,2026-02-11T01:12:00,조국 “민주당 제안 ‘통합 준비위’ 동의…정청래 사과 수용” - 한겨레,https://news.google.com/rss/articles/CBMidEFVX3lxTE1YZ2twTUlXVFJhaWhwR0F2clB6NE52QWxWb1VQYkZiUzI4OUU5aGluQkZURWdGSGpuMlVvcy04N1dodmRyVFplTnFLZmNYNHU2NS12ZzNZbUZoZktTT3U0Rk9ZTFlWZDdJRC1nT2FYaUhRQ0ty?oc=5,"<a href=""https://news.google.com/rss/articles/CBMidEFVX3lxTE1YZ2twTUlXVFJhaWhwR0F2clB6NE52QWxWb1VQYkZiUzI4OUU5aGluQkZURWdGSGpuMlVvcy04N1dodmRyVFplTnFLZmNYNHU2NS12ZzNZbUZoZktTT3U0Rk9ZTFlWZDdJRC1nT2FYaUhRQ0ty?oc=5"" target=""_blank"">조국 “민주당 제안 ‘통합 준비위’ 동의…정청래 사과 수용”</a>&nbsp;&nbsp;<font color=""#6f6f6f"">한겨레</font>"
민주당,2026-02-10T09:25:02,민주당 탈당 인천 정치인들 ‘혁신당 탑승’ 시도…현직 국회의원 맹비난 - v.daum.net,https://news.google.com/rss/articles/CBMiT0FVX3lxTE9pTmFOMGVxZkF4dkphNEtPNUl6YVpTcmphdW1BVG15MzhEbHlkczNkQklYVzlpUGdCTmYwOGlQNEgwOE5xSWlDZU9ZRGV4dGs?oc=5,"<a href=""https://news.google.com/rss/articles/CBMiT0FVX3lxTE9pTmFOMGVxZkF4dkphNEtPNUl6YVpTcmphdW1BVG15MzhEbHlkczNkQklYVzlpUGdCTmYwOGlQNEgwOE5xSWlDZU9ZRGV4dGs?oc=5"" target=""_blank"">민주당 탈당 인천 정치인들 ‘혁신당 탑승’ 시도…현직 국회의원 맹비난</a>&nbsp;&nbsp;<font color=""#6f6f6f"">v.daum.net</font>"
민주당,2026-02-13T05:55:00,"'2심 무죄' 송영길, 민주당 복당 선언…요동치는 계양을 보궐선거 - 경기일보",https://news.google.com/rss/articles/CBMiW0FVX3lxTE9mSHgyU3Z6YUJSWkJtM2wtOERWZjVzeE55WjhlYmR1WXgxM2RpZGQ2alhvdzJuNTQ2a0w1bEpKN1BiOEVidHVhdzhBS0haZ0d0dUw5b1BzeTdvdkE?oc=5,"<a href=""https://news.google.com/rss/articles/CBMiW0FVX3lxTE9mSHgyU3Z6YUJSWkJtM2wtOERWZjVzeE55WjhlYmR1WXgxM2RpZGQ2alhvdzJuNTQ2a0w1bEpKN1BiOEVidHVhdzhBS0haZ0d0dUw5b1BzeTdvdkE?oc=5"" target=""_blank"">'2심 무죄' 송영길, 민주당 복당 선언…요동치는 계양을 보궐선거</a>&nbsp;&nbsp;<font color=""#6f6f6f"">경기일보</font>"
민주당,2026-02-13T05:18:21,"[속보] 송영길, 소나무당 해산…민주당 복당 계획 - 중앙일보",https://news.google.com/rss/articles/CBMiVkFVX3lxTFAwV2dla3hyQ1FrTi1pVkhPZF8yWkxJVFhEMjA5VklRYjduNHl5UXpKOE5rSDNhMjBPaFhuVzZCSGVnQzdfOVRZR0pDU3duQ0JIR1d6ZGpn?oc=5,"<a href=""https://news.google.com/rss/articles/CBMiVkFVX3lxTFAwV2dla3hyQ1FrTi1pVkhPZF8yWkxJVFhEMjA5VklRYjduNHl5UXpKOE5rSDNhMjBPaFhuVzZCSGVnQzdfOVRZR0pDU3duQ0JIR1d6ZGpn?oc=5"" target=""_blank"">[속보] 송영길, 소나무당 해산…민주당 복당 계획</a>&nbsp;&nbsp;<font color=""#6f6f6f"">중앙일보</font>"
민주당,2026-02-15T02:41:23,조국 “민주당에 내 자리 양보해달라고 부탁할 생각 없다” - 한겨레,https://news.google.com/rss/articles/CBMidEFVX3lxTE1DRVpzbWJxYTJadGo5YmZvOFZLTksyMnlfUzZ6eGUxd2xtREZMTk94cXg4clZ6OEFtQk5mS2lHdU9takxVNlpkeHVzbk15OS1qNXVGX2lKVjZsbXFPSGp4c2dzWEF5UTFkOXVsdVdnNEVaMzJp?oc=5,"<a href=""https://news.google.com/rss/articles/CBMidEFVX3lxTE1DRVpzbWJxYTJadGo5YmZvOFZLTksyMnlfUzZ6eGUxd2xtREZMTk94cXg4clZ6OEFtQk5mS2lHdU9takxVNlpkeHVzbk15OS1qNXVGX2lKVjZsbXFPSGp4c2dzWEF5UTFkOXVsdVdnNEVaMzJp?oc=5"" target=""_blank"">조국 “민주당에 내 자리 양보해달라고 부탁할 생각 없다”</a>&nbsp;&nbsp;<font color=""#6f6f6f"">한겨레</font>"
민주당,2026-02-15T12:14:20,[6·3 지방선거 구도와 이슈 : 김제시장] 민주당 현직 무소속 나오나 ‘전개 안갯속’ - v.daum.net,https://news.google.com/rss/articles/CBMiT0FVX3lxTFBWY3E5Y0FnN0NvUDdIWnlIMllIV2JuV2dJcTlYZ0F0cWhsRDBFR1Nvdy1HNG43UUowckNZVFNjQmpuRVZCLXZRQkpjME9WSWs?oc=5,"<a href=""https://news.google.com/rss/articles/CBMiT0FVX3lxTFBWY3E5Y0FnN0NvUDdIWnlIMllIV2JuV2dJcTlYZ0F0cWhsRDBFR1Nvdy1HNG43UUowckNZVFNjQmpuRVZCLXZRQkpjME9WSWs?oc=5"" target=""_blank"">[6·3 지방선거 구도와 이슈 : 김제시장] 민주당 현직 무소속 나오나 ‘전개 안갯속’</a>&nbsp;&nbsp;<font color=""#6f6f6f"">v.daum.net</font>"
국민의힘,2026-02-15T04:25:00,“미래통합당처럼은 안돼”···국민의힘 당명 ‘공화당’되나 - 경향신문,https://news.google.com/rss/articles/CBMiWkFVX3lxTE9ZUU9KOTZuRGxRQk9idnRheGFQbVgtQ1l0dmNTUWd6ZnhDLUtyY01FZ3dtYnNmQTBnWTR3dUQzaVpRNTZTVEFqWUcyTEJ5eVVDaWpNM1llTU9DUdIBX0FVX3lxTE5CcGhGamlZd1dsN0U0dml0VW9xeWVrZnZnN3p5N1NXd2NoTTRDVy0zcDl3ZHZjWTZOLTdlTGs1cXQtNTRtenhSbDY3a2tuTlVaWExSQmx4eE15bjhYcHdz?oc=5,"<a href=""https://news.google.com/rss/articles/CBMiWkFVX3lxTE9ZUU9KOTZuRGxRQk9idnRheGFQbVgtQ1l0dmNTUWd6ZnhDLUtyY01FZ3dtYnNmQTBnWTR3dUQzaVpRNTZTVEFqWUcyTEJ5eVVDaWpNM1llTU9DUdIBX0FVX3lxTE5CcGhGamlZd1dsN0U0dml0VW9xeWVrZnZnN3p5N1NXd2NoTTRDVy0zcDl3ZHZjWTZOLTdlTGs1cXQtNTRtenhSbDY3a2tuTlVaWExSQmx4eE15bjhYcHdz?oc=5"" target=""_blank"">“미래통합당처럼은 안돼”···국민의힘 당명 ‘공화당’되나</a>&nbsp;&nbsp;<font color=""#6f6f6f"">경향신문</font>"
국민의힘,2026-02-12T00:41:44,[단독] 국민의힘 지방선거 공천관리위원장에 이정현 - 조선일보,https://news.google.com/rss/articles/CBMihgFBVV95cUxQME84eEl1R1JnV290QVRLTnQ0SkJFVWJXd28yaTEyYXl6QVV0SUtGTl81VktZRjVES21mNlVTMjZiNnJDRjhIa3NFcm5DVVpvYWd6aEp6bEtJLXBXQ2M0ZUk0SnhEVExCaEpxcFpyMWNLVThjQWtKVG1JWHFZWkhUaHliOU44UdIBmgFBVV95cUxQNDRUcFZJeDZ1cEwxaVRFZy1LUXFMT3RxSXVmMFV1YTFsQV9uNDJYN045ZmRVZHBzRXRob3VUTE53VzhyNko5RXFnYmtSeHdHWTRnRlY5dGRuaUl6cmJfdkNSYmgxZkd0dkxLSFpWNDBSRDlSM0dZdjItaDZwV19xUzBQamNfdW9Ca21mX0dmZDA4Uk9uekNNM0V3?oc=5,"<a href=""https://news.google.com/rss/articles/CBMihgFBVV95cUxQME84eEl1R1JnV290QVRLTnQ0SkJFVWJXd28yaTEyYXl6QVV0SUtGTl81VktZRjVES21mNlVTMjZiNnJDRjhIa3NFcm5DVVpvYWd6aEp6bEtJLXBXQ2M0ZUk0SnhEVExCaEpxcFpyMWNLVThjQWtKVG1JWHFZWkhUaHliOU44UdIBmgFBVV95cUxQNDRUcFZJeDZ1cEwxaVRFZy1LUXFMT3RxSXVmMFV1YTFsQV9uNDJYN045ZmRVZHBzRXRob3VUTE53VzhyNko5RXFnYmtSeHdHWTRnRlY5dGRuaUl6cmJfdkNSYmgxZkd0dkxLSFpWNDBSRDlSM0dZdjItaDZwV19xUzBQamNfdW9Ca21mX0dmZDA4Uk9uekNNM0V3?oc=5"" target=""_blank"">[단독] 국민의힘 지방선거 공천관리위원장에 이정현</a>&nbsp;&nbsp;<font color=""#6f6f6f"">조선일보</font>"
국민의힘,2026-02-15T07:17:00,"국민의힘 “당비 납부하는 당원 110만명, 역대 최대...장동혁 체제 이후 47% 늘어” - 경기일보",https://news.google.com/rss/articles/CBMiW0FVX3lxTE1PbkFXMS1jRkFlNE0xUHpTb1ZtTGNJdG5pdVZlNWRQNnZPOFhvWmJyWlNoTy1ySnRISS11cjVzUnVFZWk4Smt6U1VOMml1LUFWdDhmdUZ4ZGJoMU0?oc=5,"<a href=""https://news.google.com/rss/articles/CBMiW0FVX3lxTE1PbkFXMS1jRkFlNE0xUHpTb1ZtTGNJdG5pdVZlNWRQNnZPOFhvWmJyWlNoTy1ySnRISS11cjVzUnVFZWk4Smt6U1VOMml1LUFWdDhmdUZ4ZGJoMU0?oc=5"" target=""_blank"">국민의힘 “당비 납부하는 당원 110만명, 역대 최대...장동혁 체제 이후 47% 늘어”</a>&nbsp;&nbsp;<font color=""#6f6f6f"">경기일보</font>"
국민의힘,2026-02-12T00:05:00,국민의힘 지방선거 공관위원장에 이정현…장동혁 “‘통합·도전’ 상징” - KBS 뉴스,https://news.google.com/rss/articles/CBMiW0FVX3lxTE9mMndLMVJXUnlsMnBuTXlsYmE0Ym1UcGdUb0VDbnJtYk1uVWNkN3JZUFNZNWZkRmViUDRjZUNtX1Brd1NKN05EWUdBTGE5S0VCUXF3TlgwbE4tVVk?oc=5,"<a href=""https://news.google.com/rss/articles/CBMiW0FVX3lxTE9mMndLMVJXUnlsMnBuTXlsYmE0Ym1UcGdUb0VDbnJtYk1uVWNkN3JZUFNZNWZkRmViUDRjZUNtX1Brd1NKN05EWUdBTGE5S0VCUXF3TlgwbE4tVVk?oc=5"" target=""_blank"">국민의힘 지방선거 공관위원장에 이정현…장동혁 “‘통합·도전’ 상징”</a>&nbsp;&nbsp;<font color=""#6f6f6f"">KBS 뉴스</font>"
국민의힘,2026-02-12T00:07:50,[속보] 국민의힘 지방선거 공천관리위원장에 이정현 전 대표 - 중앙일보,https://news.google.com/rss/articles/CBMiVkFVX3lxTFBhZGN4dVFQRS1NY0JGdzg3ZXhEZzJfUlprUVprQUdVWXR0RndsWFJMclFzOTRvQ2d0RWthR1ZMY1RfSURKNjNUT0JDVVBHd05pQTMzaENR?oc=5,"<a href=""https://news.google.com/rss/articles/CBMiVkFVX3lxTFBhZGN4dVFQRS1NY0JGdzg3ZXhEZzJfUlprUVprQUdVWXR0RndsWFJMclFzOTRvQ2d0RWthR1ZMY1RfSURKNjNUT0JDVVBHd05pQTMzaENR?oc=5"" target=""_blank"">[속보] 국민의힘 지방선거 공천관리위원장에 이정현 전 대표</a>&nbsp;&nbsp;<font color=""#6f6f6f"">중앙일보</font>"
국민의힘,2026-02-15T06:30:00,"8년 전 ‘참패’의 악몽...국민의힘 공천 전략은? ""기득권 정치인보다 새로운 지역 리더"" - JTBC",https://news.google.com/rss/articles/CBMiVEFVX3lxTFBSemV0N1lGMDVMUm5CODI2eE9vSzhXTjlzZUc3X0ZIVHdrbXRXTkNWcnU0cHV4U1ZaS2YwWTFSZTEyT2hmbXdfVFhucDRPODNFaFFmLQ?oc=5,"<a href=""https://news.google.com/rss/articles/CBMiVEFVX3lxTFBSemV0N1lGMDVMUm5CODI2eE9vSzhXTjlzZUc3X0ZIVHdrbXRXTkNWcnU0cHV4U1ZaS2YwWTFSZTEyT2hmbXdfVFhucDRPODNFaFFmLQ?oc=5"" target=""_blank"">8년 전 ‘참패’의 악몽...국민의힘 공천 전략은? ""기득권 정치인보다 새로운 지역 리더""</a>&nbsp;&nbsp;<font color=""#6f6f6f"">JTBC</font>"
국민의힘,2026-02-12T00:09:24,[속보] 국민의힘 지방선거 공천관리위원장에 이정현 전 대표 - v.daum.net,https://news.google.com/rss/articles/CBMiT0FVX3lxTE10cDRQRlVTakF2bFU4UHY4cmhpcWZ3VVVxUnJqSmRBOVE2ak5nOEF6YTJ6X2cxYllJYVEzQXFiOVpHSEd5QmVRdWwwdXUxSW8?oc=5,"<a href=""https://news.google.com/rss/articles/CBMiT0FVX3lxTE10cDRQRlVTakF2bFU4UHY4cmhpcWZ3VVVxUnJqSmRBOVE2ak5nOEF6YTJ6X2cxYllJYVEzQXFiOVpHSEd5QmVRdWwwdXUxSW8?oc=5"" target=""_blank"">[속보] 국민의힘 지방선거 공천관리위원장에 이정현 전 대표</a>&nbsp;&nbsp;<font color=""#6f6f6f"">v.daum.net</font>"
국민의힘,2026-02-13T11:40:00,국민의힘 경선 구도 요동 전재수는 고심 - knn.co.kr,https://news.google.com/rss/articles/CBMiVEFVX3lxTFBZUkZCTXRTemdIcGZqb0RVZWdnTldJQ2VGUDMteHhGelFYZlE5enVSVWczWU45b3gxaVhrQUpGd01LbXd3ZnBFY0dWWGF1TkJHWkdUbQ?oc=5,"<a href=""https://news.google.com/rss/articles/CBMiVEFVX3lxTFBZUkZCTXRTemdIcGZqb0RVZWdnTldJQ2VGUDMteHhGelFYZlE5enVSVWczWU45b3gxaVhrQUpGd01LbXd3ZnBFY0dWWGF1TkJHWkdUbQ?oc=5"" target=""_blank"">국민의힘 경선 구도 요동 전재수는 고심</a>&nbsp;&nbsp;<font color=""#6f6f6f"">knn.co.kr</font>"
국민의힘,2026-02-13T05:00:00,"'장동혁 체제' 출범 후 여야 지지율 격차 최대...민주 44%, 국민의힘 22%-정치ㅣ한국일보 - 한국일보",https://news.google.com/rss/articles/CBMibkFVX3lxTE1yWUxOVkdBcEpoM3ltcHZ1c0hndS15SXRWS1Y3d0F2X29JOE8zenIzVi1tRkpBdVNCVHNwV3I4b0N1VXVnUkhvYjEtalRIeTdGRjVKMzZTeEEwRmwzQzA3XzJzS1U1aXZ6NHBOYU1n?oc=5,"<a href=""https://news.google.com/rss/articles/CBMibkFVX3lxTE1yWUxOVkdBcEpoM3ltcHZ1c0hndS15SXRWS1Y3d0F2X29JOE8zenIzVi1tRkpBdVNCVHNwV3I4b0N1VXVnUkhvYjEtalRIeTdGRjVKMzZTeEEwRmwzQzA3XzJzS1U1aXZ6NHBOYU1n?oc=5"" target=""_blank"">'장동혁 체제' 출범 후 여야 지지율 격차 최대...민주 44%, 국민의힘 22%-정치ㅣ한국일보</a>&nbsp;&nbsp;<font color=""#6f6f6f"">한국일보</font>"
국민의힘,2026-02-16T00:45:37,"李대통령, 국민의힘에 물었다 “다주택자 특혜 유지해야 하나” - 조선일보",https://news.google.com/rss/articles/CBMiiAFBVV95cUxNSTlpQ0pFR1FONEk4bjYxWHJvaEwxaFhlUXdOUEZKM2FhWjZqRUI3bUJLWEJ3MWZvb3E5Y1BycXZLNEtadjJsS3ljeEtrXzZJTU9uYXZibmN5bUI0TWY3WHNjVHJSWk5qaVpBMDlRRG92U1NQSVkyeGUwbjg1cjVqN0JkLUFDWmVZ0gGcAUFVX3lxTE5Qd2ZDYm1DeTBQbWVpSjhEbkhVampjZVpjcVVIUkR1Sk9HcF9idmYtZXZsWjY5XzlFWjFUV280VHItS0JkcTNFeHU3T1Q4OFcwVGtRNFhaSHptMUcyUGxERTFDRVVQRkZjclk0QkkwTmVNXzBhYmF6SzBiMHkwY1JRWE1wbjAzcHY4NVJITVg1VlhDbHd3Q2oxMXEzTg?oc=5,"<a href=""https://news.google.com/rss/articles/CBMiiAFBVV95cUxNSTlpQ0pFR1FONEk4bjYxWHJvaEwxaFhlUXdOUEZKM2FhWjZqRUI3bUJLWEJ3MWZvb3E5Y1BycXZLNEtadjJsS3ljeEtrXzZJTU9uYXZibmN5bUI0TWY3WHNjVHJSWk5qaVpBMDlRRG92U1NQSVkyeGUwbjg1cjVqN0JkLUFDWmVZ0gGcAUFVX3lxTE5Qd2ZDYm1DeTBQbWVpSjhEbkhVampjZVpjcVVIUkR1Sk9HcF9idmYtZXZsWjY5XzlFWjFUV280VHItS0JkcTNFeHU3T1Q4OFcwVGtRNFhaSHptMUcyUGxERTFDRVVQRkZjclk0QkkwTmVNXzBhYmF6SzBiMHkwY1JRWE1wbjAzcHY4NVJITVg1VlhDbHd3Q2oxMXEzTg?oc=5"" target=""_blank"">李대통령, 국민의힘에 물었다 “다주택자 특혜 유지해야 하나”</a>&nbsp;&nbsp;<font color=""#6f6f6f"">조선일보</font>"
국민의힘,2026-02-15T08:33:00,유승민 “지금 국민의힘 정상적인 당 아니다···경기지사 출마 안 해” - 경향신문,https://news.google.com/rss/articles/CBMiWkFVX3lxTE9QOFI4YTQ1NlpPaDlRN1p0UlVWb2JNamxLU2RHU1JBa2IzR3VnajRvSnY0bEgwWmJfRFZZMlhsSFo3QWMxOWZIa1pPTEtCdUhITGFGNTk5Zy11Z9IBX0FVX3lxTE1CclRlSlFWYVRwQkVJUnlyZkJTN0NaUnBYNWEycEFMZ1VtRF84SGkxeG1uLW5WdllBczRGTkJ3V3hEZGFTb3VnMkh6NXQwdDlLenlsMmR0MHNNOFF4ODNF?oc=5,"<a href=""https://news.google.com/rss/articles/CBMiWkFVX3lxTE9QOFI4YTQ1NlpPaDlRN1p0UlVWb2JNamxLU2RHU1JBa2IzR3VnajRvSnY0bEgwWmJfRFZZMlhsSFo3QWMxOWZIa1pPTEtCdUhITGFGNTk5Zy11Z9IBX0FVX3lxTE1CclRlSlFWYVRwQkVJUnlyZkJTN0NaUnBYNWEycEFMZ1VtRF84SGkxeG1uLW5WdllBczRGTkJ3V3hEZGFTb3VnMkh6NXQwdDlLenlsMmR0MHNNOFF4ODNF?oc=5"" target=""_blank"">유승민 “지금 국민의힘 정상적인 당 아니다···경기지사 출마 안 해”</a>&nbsp;&nbsp;<font color=""#6f6f6f"">경향신문</font>"
국민의힘,2026-02-12T01:08:00,"국민의힘, 지방선거 공관위원장에 이정현 전 대표 선임 [영상] - 경기일보",https://news.google.com/rss/articles/CBMiW0FVX3lxTFBZUVdtZnFOeDRNei1LZU9jYTZjeFZVb3VITU1ZOENTcFZuanY2Q0M3T0pYUmp2aXllRVBYNVJ2Y3gtc053bm1Gek1DaHBqTlRYRm5DRV9kTThIT1k?oc=5,"<a href=""https://news.google.com/rss/articles/CBMiW0FVX3lxTFBZUVdtZnFOeDRNei1LZU9jYTZjeFZVb3VITU1ZOENTcFZuanY2Q0M3T0pYUmp2aXllRVBYNVJ2Y3gtc053bm1Gek1DaHBqTlRYRm5DRV9kTThIT1k?oc=5"" target=""_blank"">국민의힘, 지방선거 공관위원장에 이정현 전 대표 선임 [영상]</a>&nbsp;&nbsp;<font color=""#6f6f6f"">경기일보</font>"
국민의힘,2026-02-15T06:29:00,민주 “국민 위한 사법개혁”…국민의힘 “이 대통령 철갑 방탄” - KBS 뉴스,https://news.google.com/rss/articles/CBMiW0FVX3lxTFBXQmVhWHB5dHdOWGwzQzBoTE1WT1h5Z1BhZ1ZNNWYwSjBkSmVGR1AyaklCLUtpczRmOHk0X3RRVnBIX1dUQ1JZV2k1LWdSS2JLMVZ4eTlwaXplODA?oc=5,"<a href=""https://news.google.com/rss/articles/CBMiW0FVX3lxTFBXQmVhWHB5dHdOWGwzQzBoTE1WT1h5Z1BhZ1ZNNWYwSjBkSmVGR1AyaklCLUtpczRmOHk0X3RRVnBIX1dUQ1JZV2k1LWdSS2JLMVZ4eTlwaXplODA?oc=5"" target=""_blank"">민주 “국민 위한 사법개혁”…국민의힘 “이 대통령 철갑 방탄”</a>&nbsp;&nbsp;<font color=""#6f6f6f"">KBS 뉴스</font>"
국민의힘,2026-02-13T16:53:50,"국민의힘, 친한계 배현진 당원권 1년 정지 - 중앙일보",https://news.google.com/rss/articles/CBMiVkFVX3lxTE1STFY2ZWNrUmo4ZkpuS3JFNDh4VUkzYXFybzJubHNiLUNUeTZHeVdfS2VBMHZMcnRIUl93V3BjY08yZkIyd2E1ZVNXNGhlU0l2eDVpbE5n?oc=5,"<a href=""https://news.google.com/rss/articles/CBMiVkFVX3lxTE1STFY2ZWNrUmo4ZkpuS3JFNDh4VUkzYXFybzJubHNiLUNUeTZHeVdfS2VBMHZMcnRIUl93V3BjY08yZkIyd2E1ZVNXNGhlU0l2eDVpbE5n?oc=5"" target=""_blank"">국민의힘, 친한계 배현진 당원권 1년 정지</a>&nbsp;&nbsp;<font color=""#6f6f6f"">중앙일보</font>"
국민의힘,2026-02-15T06:24:00,닥치고 당권수호···한동훈·김종혁·배현진 내친 국민의힘의 ‘숙청 정치’ - 경향신문,https://news.google.com/rss/articles/CBMiWkFVX3lxTFAzOWlKdWoxX1YwVVBZTkx1R2tSSUFtdElXMm80Y2IydEtzczhOeV9ab2E5MzltbFIydEFLTHZnUjBCSG9NS2VPV0dXMkVCVndIa2UzWHFWa0Fmd9IBX0FVX3lxTE9aVFprdXV4M2k4bElVTktUVnV1UkpRTmZCUzlMYmVKQmJWM3FvQnFjYjB4cHZYTVNfUWdsWTdFVUFoLVJBRWxmdTdCdFl0elBESmJUMk9hbWp0d1g3eldN?oc=5,"<a href=""https://news.google.com/rss/articles/CBMiWkFVX3lxTFAzOWlKdWoxX1YwVVBZTkx1R2tSSUFtdElXMm80Y2IydEtzczhOeV9ab2E5MzltbFIydEFLTHZnUjBCSG9NS2VPV0dXMkVCVndIa2UzWHFWa0Fmd9IBX0FVX3lxTE9aVFprdXV4M2k4bElVTktUVnV1UkpRTmZCUzlMYmVKQmJWM3FvQnFjYjB4cHZYTVNfUWdsWTdFVUFoLVJBRWxmdTdCdFl0elBESmJUMk9hbWp0d1g3eldN?oc=5"" target=""_blank"">닥치고 당권수호···한동훈·김종혁·배현진 내친 국민의힘의 ‘숙청 정치’</a>&nbsp;&nbsp;<font color=""#6f6f6f"">경향신문</font>"
direct_url,,중앙선거여론조사심의위원회,https://www.nesdc.go.kr/portal/bbs/B0000025/view.do?nttId=2328&menuNo=200500,
